{
  "Time": "15-Feb-2023 14:49:05",
  "ScriptType": "INetwork.py",
  "ContentFilePath": "",
  "StyleFilePath": "",
  "OutputFilePrefix": "",
  "ParameterList": "\"\" \"\" --image_size 400 --content_weight 0.025 --style_weight 1.0 --total_variation_weight 8.5E-05 --style_scale 1 --num_iter 10 --rescale_image \"False\" --rescale_method \"bicubic\" --maintain_aspect_ratio \"True\" --content_layer \"conv5_2\" --init_image \"content\" --pool_type \"max\" --preserve_color \"False\" --min_improvement 0 --model \"vgg16\" --content_loss_type 0"
}
