{
  "Time": "15-Feb-2023 14:50:17",
  "ScriptType": "INetwork.py",
  "ContentFilePath": "C:\\Users\\DELL\\Downloads\\AKR20220810052600504_01_i_P4.jpg",
  "StyleFilePath": "\"C:\\Users\\DELL\\Downloads\\maxresdefault.jpg\" ",
  "OutputFilePrefix": "D:\\ML\\Neural-Style-Transfer-master\\style",
  "ParameterList": "\"C:\\Users\\DELL\\Downloads\\AKR20220810052600504_01_i_P4.jpg\" \"C:\\Users\\DELL\\Downloads\\maxresdefault.jpg\" \"D:\\ML\\Neural-Style-Transfer-master\\style\" --image_size 400 --content_weight 0.025 --style_weight 1.0 --total_variation_weight 8.5E-05 --style_scale 1 --num_iter 10 --rescale_image \"False\" --rescale_method \"bicubic\" --maintain_aspect_ratio \"True\" --content_layer \"conv5_2\" --init_image \"content\" --pool_type \"max\" --preserve_color \"False\" --min_improvement 0 --model \"vgg16\" --content_loss_type 0"
}
