{
  "Time": "15-Feb-2023 16:28:57",
  "ScriptType": "INetwork.py",
  "ContentFilePath": "D:\\ML\\Neural-Style-Transfer-master\\Neural-Style-Transfer-master\\input2.jpg",
  "StyleFilePath": "\"D:\\ML\\Neural-Style-Transfer-master\\Neural-Style-Transfer-master\\style.jpg\" ",
  "OutputFilePrefix": "C:\\Users\\DELL\\Desktop\\1",
  "ParameterList": "\"D:\\ML\\Neural-Style-Transfer-master\\Neural-Style-Transfer-master\\input2.jpg\" \"D:\\ML\\Neural-Style-Transfer-master\\Neural-Style-Transfer-master\\style.jpg\" \"C:\\Users\\DELL\\Desktop\\1\" --image_size 400 --content_weight 0.025 --style_weight 1.0 --total_variation_weight 8.5E-05 --style_scale 1 --num_iter 10 --rescale_image \"False\" --rescale_method \"bicubic\" --maintain_aspect_ratio \"True\" --content_layer \"conv5_2\" --init_image \"content\" --pool_type \"max\" --preserve_color \"False\" --min_improvement 0 --model \"vgg16\" --content_loss_type 0"
}
